"date","BTC","QQQ","GLD"
2020-01-02,6985.47021484375,208.848937988281,143.949996948242
2020-01-03,7344.88427734375,206.935882568359,145.860000610352
2020-01-06,7769.21923828125,208.269241333008,147.389999389648
2020-01-07,8163.6923828125,208.240264892578,147.970001220703
2020-01-08,8079.86279296875,209.805480957031,146.860000610352
2020-01-09,7879.0712890625,211.583221435547,146.029998779297
2020-01-10,8166.55419921875,211.042144775391,146.910003662109
2020-01-13,8144.1943359375,213.476943969727,145.820007324219
2020-01-14,8827.7646484375,212.636352539062,145.690002441406
2020-01-15,8807.0107421875,212.723297119141,146.539993286133
2020-01-16,8723.7861328125,214.761947631836,146.309997558594
2020-01-17,8929.0380859375,215.824783325195,146.580001831055
2020-01-21,8745.89453125,215.728149414062,146.740005493164
2020-01-22,8680.8759765625,216.29817199707,146.789993286133
2020-01-23,8406.515625,216.993850708008,147.119995117188
2020-01-24,8445.4345703125,215.167755126953,147.979995727539
2020-01-27,8909.8193359375,210.723327636719,148.990005493164
2020-01-28,9358.58984375,213.960052490234,147.660003662109
2020-01-29,9316.6298828125,214.307861328125,148.460006713867
2020-01-30,9508.9931640625,215.071166992188,148.470001220703
2020-01-31,9350.529296875,211.660522460938,149.330001831055
2020-02-03,9293.521484375,214.858551025391,148.360000610352
2020-02-04,9180.962890625,219.776382446289,146.429992675781
2020-02-05,9613.423828125,220.501068115234,146.610000610352
2020-02-06,9729.8017578125,222.404449462891,147.399993896484
2020-02-07,9795.943359375,221.44792175293,147.789993286133
2020-02-10,9856.611328125,224.124252319336,148.169998168945
2020-02-11,10208.236328125,224.162841796875,147.660003662109
2020-02-12,10326.0546875,226.346405029297,147.539993286133
2020-02-13,10214.3798828125,226.056594848633,148.380004882812
2020-02-14,10312.1162109375,226.703903198242,149
2020-02-18,10141.99609375,226.790863037109,150.910003662109
2020-02-19,9633.38671875,228.964736938477,151.789993286133
2020-02-20,9608.4755859375,226.839157104492,152.410003662109
2020-02-21,9686.44140625,222.481719970703,154.699996948242
2020-02-24,9650.1748046875,213.902084350586,156.089996337891
2020-02-25,9341.705078125,208.085678100586,153.300003051758
2020-02-26,8820.5224609375,209.158142089844,153.970001220703
2020-02-27,8784.494140625,198.684768676758,154
2020-02-28,8672.455078125,198.83935546875,148.380004882812
2020-03-02,8869.669921875,209.100189208984,149.199996948242
2020-03-03,8787.7861328125,202.394866943359,153.889999389648
2020-03-04,8755.24609375,210.839263916016,154.160003662109
2020-03-05,9078.7626953125,204.433517456055,157.490005493164
2020-03-06,9122.5458984375,200.984298706055,157.550003051758
2020-03-09,7923.64453125,187.022994995117,157.809997558594
2020-03-10,7909.7294921875,197.206497192383,154.479995727539
2020-03-11,7911.43017578125,188.6171875,153.929992675781
2020-03-12,4970.7880859375,171.322616577148,147.789993286133
2020-03-13,5563.70703125,185.834579467773,143.279998779297
2020-03-16,5014.47998046875,163.57389831543,141.639999389648
2020-03-17,5225.62939453125,175.979583740234,143.559997558594
2020-03-18,5238.4384765625,170.626922607422,140.699996948242
2020-03-19,6191.19287109375,171.651123046875,138.039993286133
2020-03-20,6198.7783203125,164.926498413086,140.110000610352
2020-03-23,6416.31494140625,165.04557800293,146.300003051758
2020-03-24,6734.8037109375,177.826293945312,153.399993896484
2020-03-25,6681.06298828125,176.509582519531,151.300003051758
2020-03-26,6716.4404296875,185.804580688477,153.240005493164
2020-03-27,6469.79833984375,179.414215087891,152.25
2020-03-30,6429.841796875,185.940200805664,152.919998168945
2020-03-31,6438.64453125,184.352233886719,148.050003051758
2020-04-01,6606.7763671875,176.519241333008,149.449996948242
2020-04-02,6793.62451171875,180.101699829102,151.899993896484
2020-04-03,6733.38720703125,177.545532226562,152.649993896484
2020-04-06,7271.78125,190.23908996582,156.880004882812
2020-04-07,7176.41455078125,190.161682128906,156.039993286133
2020-04-08,7334.0986328125,194.19921875,154.649993896484
2020-04-09,7302.08935546875,194.479995727539,158.690002441406
2020-04-13,6845.03759765625,196.581085205078,161.410003662109
2020-04-14,6842.427734375,205.130615234375,162.679992675781
2020-04-15,6642.10986328125,202.777755737305,161.850006103516
2020-04-16,7116.80419921875,206.476455688477,161.710006713867
2020-04-17,7096.1845703125,208.451644897461,158.570007324219
2020-04-20,6881.95849609375,205.982650756836,159.699996948242
2020-04-21,6880.3232421875,198.381988525391,158.610000610352
2020-04-22,7117.20751953125,204.268859863281,161.729995727539
2020-04-23,7429.724609375,203.833160400391,163.339996337891
2020-04-24,7550.90087890625,207.047729492188,162.639999389648
2020-04-27,7795.60107421875,208.713104248047,161.559997558594
2020-04-28,7807.05859375,204.782012939453,160.839996337891
2020-04-29,8801.0380859375,212.043792724609,161.729995727539
2020-04-30,8658.5537109375,211.956695556641,158.800003051758
2020-05-01,8864.7666015625,205.982650756836,159.779998779297
2020-05-04,8912.654296875,208.383880615234,160.339996337891
2020-05-05,9003.0703125,210.746383666992,161.020004272461
2020-05-06,9268.76171875,212.043792724609,158.949996948242
2020-05-07,9951.5185546875,214.77424621582,161.389999389648
2020-05-08,9842.666015625,217.717666625977,160.419998168945
2020-05-11,8601.7958984375,219.663848876953,159.419998168945
2020-05-12,8804.4775390625,215.064727783203,160.039993286133
2020-05-13,9269.9873046875,212.373046875,161.580001831055
2020-05-14,9733.7216796875,214.783905029297,163.009994506836
2020-05-15,9328.197265625,216.178253173828,163.929992675781
2020-05-18,9726.5751953125,220.206039428711,162.690002441406
2020-05-19,9729.0380859375,219.654144287109,164.259994506836
2020-05-20,9522.9814453125,224.040222167969,164.649993896484
2020-05-21,9081.76171875,221.600296020508,162.25
2020-05-22,9182.5771484375,222.365234375,163.210006713867
2020-05-26,8835.052734375,221.764892578125,160.889999389648
2020-05-27,9181.017578125,222.97526550293,161.179992675781
2020-05-28,9525.7509765625,222.68473815918,161.720001220703
2020-05-29,9439.1240234375,225.947677612305,162.910003662109
2020-06-01,10167.2685546875,226.625473022461,163.660003662109
2020-06-02,9529.8037109375,228.145584106445,162.600006103516
2020-06-03,9656.7177734375,229.171920776367,159.600006103516
2020-06-04,9800.63671875,227.564636230469,161.279998779297
2020-06-05,9665.533203125,232.076629638672,158.009994506836
2020-06-08,9771.4892578125,233.877563476562,159.720001220703
2020-06-09,9795.7001953125,235.571960449219,161.259994506836
2020-06-10,9870.0947265625,238.399200439453,163.570007324219
2020-06-11,9321.78125,226.58674621582,162.389999389648
2020-06-12,9480.84375,228.387649536133,162.619995117188
2020-06-15,9450.7021484375,231.166488647461,162.330001831055
2020-06-16,9538.0244140625,235.136260986328,162.25
2020-06-17,9480.2548828125,235.881790161133,162.559997558594
2020-06-18,9411.8408203125,236.520812988281,162.240005493164
2020-06-19,9288.0185546875,236.482116699219,164.029998779297
2020-06-22,9648.7177734375,239.318176269531,165.089996337891
2020-06-23,9629.658203125,241.354949951172,166.479995727539
2020-06-24,9313.6103515625,236.379333496094,165.899993896484
2020-06-25,9264.8134765625,238.629486083984,165.800003051758
2020-06-26,9162.91796875,232.994277954102,166.539993286133
2020-06-29,9190.8544921875,235.535461425781,166.630004882812
2020-06-30,9137.9931640625,240.152267456055,167.369995117188
2020-07-01,9228.3251953125,242.955337524414,166.619995117188
2020-07-02,9123.41015625,244.604217529297,166.979995727539
2020-07-06,9375.474609375,250.617691040039,167.979995727539
2020-07-07,9252.27734375,248.891296386719,169.039993286133
2020-07-08,9428.3330078125,252.169540405273,170.089996337891
2020-07-09,9277.9677734375,254.293716430664,169.630004882812
2020-07-10,9278.8076171875,256.029907226562,169.190002441406
2020-07-13,9243.6142578125,250.763168334961,169.399993896484
2020-07-14,9243.2138671875,252.538162231445,170.190002441406
2020-07-15,9192.8369140625,253.052230834961,170.339996337891
2020-07-16,9132.2275390625,251.325714111328,168.729995727539
2020-07-17,9151.392578125,251.616806030273,170.119995117188
2020-07-20,9164.2314453125,258.755340576172,170.940002441406
2020-07-21,9374.8876953125,256.059020996094,173
2020-07-22,9525.36328125,256.960968017578,175.630004882812
2020-07-23,9581.072265625,250.249160766602,177.179992675781
2020-07-24,9536.892578125,247.872833251953,178.699996948242
2020-07-27,10990.873046875,252.295669555664,182.229995727539
2020-07-28,10912.8232421875,249.085235595703,183.75
2020-07-29,11100.4677734375,251.956161499023,185.130004882812
2020-07-30,11111.2138671875,253.275253295898,183.759994506836
2020-07-31,11323.466796875,257.795135498047,185.429992675781
2020-08-03,11246.3486328125,261.277160644531,185.639999389648
2020-08-04,11205.892578125,262.247131347656,189.589996337891
2020-08-05,11747.0224609375,262.896911621094,191.350006103516
2020-08-06,11779.7734375,266.378936767578,193.889999389648
2020-08-07,11601.47265625,263.304290771484,190.809997558594
2020-08-10,11878.111328125,262.179168701172,190.149993896484
2020-08-11,11410.525390625,257.213195800781,179.940002441406
2020-08-12,11584.9345703125,263.682525634766,179.100006103516
2020-08-13,11784.1376953125,264.283935546875,183.330001831055
2020-08-14,11768.87109375,263.973541259766,182.539993286133
2020-08-17,12254.40234375,267.038513183594,186.5
2020-08-18,11991.2333984375,269.608734130859,188.179992675781
2020-08-19,11758.283203125,267.794921875,182.240005493164
2020-08-20,11878.3720703125,271.509735107422,183.5
2020-08-21,11592.4892578125,273.391418457031,182.029998779297
2020-08-24,11774.595703125,275.098510742188,181
2020-08-25,11366.134765625,277.261383056641,181.220001220703
2020-08-26,11488.36328125,283.177947998047,183.360000610352
2020-08-27,11323.3974609375,282.295349121094,181.240005493164
2020-08-28,11542.5,283.730834960938,184.389999389648
2020-08-31,11680.8203125,286.010101318359,184.830001831055
2020-09-01,11970.478515625,290.898498535156,185.050003051758
2020-09-02,11414.0341796875,293.653106689453,182.619995117188
2020-09-03,10245.296875,278.764770507812,181.139999389648
2020-09-04,10511.8134765625,275.050048828125,181.639999389648
2020-09-08,10131.5166015625,261.829986572266,181.289993286133
2020-09-09,10242.34765625,269.521484375,183.050003051758
2020-09-10,10363.138671875,264.148193359375,182.460006713867
2020-09-11,10400.9150390625,262.315002441406,182.449996948242
2020-09-14,10680.837890625,266.88330078125,183.889999389648
2020-09-15,10796.951171875,270.665893554688,183.449996948242
2020-09-16,10974.9052734375,266.349822998047,183.970001220703
2020-09-17,10948.990234375,262.188842773438,182.960006713867
2020-09-18,10944.5859375,258.842651367188,183.199996948242
2020-09-21,10462.259765625,259.463439941406,179.520004272461
2020-09-22,10538.4599609375,264.283935546875,178.649993896484
2020-09-23,10246.1865234375,256.214141845703,174.789993286133
2020-09-24,10760.06640625,257.407165527344,175.440002441406
2020-09-25,10692.716796875,263.3916015625,174.940002441406
2020-09-28,10709.65234375,268.861999511719,176.699996948242
2020-09-29,10844.640625,267.649505615234,178.190002441406
2020-09-30,10784.4912109375,269.482727050781,177.119995117188
2020-10-01,10619.4521484375,273.760070800781,178.699996948242
2020-10-02,10575.974609375,266.058868408203,178.539993286133
2020-10-05,10793.33984375,271.73291015625,179.410003662109
2020-10-06,10604.40625,266.88330078125,177.300003051758
2020-10-07,10668.96875,271.500152587891,177.220001220703
2020-10-08,10915.685546875,272.945281982422,177.850006103516
2020-10-09,11064.4580078125,277.115875244141,181.080001831055
2020-10-12,11555.36328125,285.670654296875,180.559997558594
2020-10-13,11425.8994140625,285.660888671875,177.720001220703
2020-10-14,11429.5068359375,283.27490234375,178.270004272461
2020-10-15,11495.349609375,281.373901367188,178.919998168945
2020-10-16,11322.123046875,279.831726074219,178.300003051758
2020-10-19,11742.037109375,275.263366699219,178.389999389648
2020-10-20,11916.3349609375,275.855041503906,179.25
2020-10-21,12823.689453125,275.641662597656,180.600006103516
2020-10-22,12965.8916015625,275.632019042969,178.830001831055
2020-10-23,12931.5390625,276.175140380859,178.639999389648
2020-10-26,13075.248046875,272.033538818359,178.550003051758
2020-10-27,13654.21875,274.157623291016,179.020004272461
2020-10-28,13271.28515625,263.469116210938,176.130004882812
2020-10-29,13437.8828125,268.076263427734,175.399993896484
2020-10-30,13546.5224609375,261.277160644531,176.199996948242
2020-11-02,13550.4892578125,261.859161376953,177.910003662109
2020-11-03,13950.30078125,266.388610839844,178.919998168945
2020-11-04,14133.70703125,278.279846191406,178.820007324219
2020-11-05,15579.8486328125,285.534820556641,182.929992675781
2020-11-06,15565.880859375,285.748260498047,183.190002441406
2020-11-09,15332.3154296875,279.909271240234,175.080001831055
2020-11-10,15290.90234375,274.894805908203,175.660003662109
2020-11-11,15701.33984375,281.044158935547,174.899993896484
2020-11-12,16276.34375,279.725067138672,175.960006713867
2020-11-13,16317.80859375,282.178863525391,177.160003662109
2020-11-16,16716.111328125,284.380737304688,177.149993896484
2020-11-17,17645.40625,283.478576660156,176.5
2020-11-18,17804.005859375,281.383514404297,175.490005493164
2020-11-19,17817.08984375,283.585296630859,175.160003662109
2020-11-20,18621.314453125,281.645538330078,175.690002441406
2020-11-23,18364.12109375,281.655151367188,172.229995727539
2020-11-24,19107.46484375,285.612426757812,169.589996337891
2020-11-25,18732.12109375,287.368011474609,169.509994506836
2020-11-27,17108.40234375,290.015899658203,167.789993286133
2020-11-30,19625.8359375,290.607543945312,166.669998168945
2020-12-01,18802.998046875,294.332000732422,170.179992675781
2020-12-02,19201.091796875,294.710296630859,171.460006713867
2020-12-03,19445.3984375,295.127380371094,172.809997558594
2020-12-04,18699.765625,296.330078125,172.320007324219
2020-12-07,19191.630859375,298.008087158203,174.889999389648
2020-12-08,18321.14453125,299.016723632812,175.5
2020-12-09,18553.916015625,292.246704101562,172.5
2020-12-10,18264.9921875,293.420349121094,172.169998168945
2020-12-11,18058.904296875,292.770446777344,172.490005493164
2020-12-14,19246.64453125,294.894561767578,171.539993286133
2020-12-15,19417.076171875,298.046844482422,173.940002441406
2020-12-16,21310.59765625,299.68603515625,174.899993896484
2020-12-17,22805.162109375,301.645233154297,176.740005493164
2020-12-18,23137.9609375,300.733459472656,176.440002441406
2020-12-21,22803.08203125,300.170867919922,175.880004882812
2020-12-22,23783.029296875,300.987060546875,174.490005493164
2020-12-23,23241.345703125,299.471252441406,175.649993896484
2020-12-24,23735.94921875,300.792724609375,176.350006103516
2020-12-28,27084.80859375,303.824401855469,175.710006713867
2020-12-29,27362.4375,304.096466064453,176.350006103516
2020-12-30,28840.953125,304.106140136719,177.699996948242
2020-12-31,29001.720703125,304.854370117188,178.360000610352
2021-01-04,31971.9140625,300.549865722656,182.330001831055
2021-01-05,33992.4296875,303.027648925781,182.869995117188
2021-01-06,36824.36328125,298.830017089844,179.899993896484
2021-01-07,39371.04296875,306.059295654297,179.479995727539
2021-01-08,40797.609375,309.994598388672,173.339996337891
2021-01-11,35566.65625,305.515106201172,173
2021-01-12,33922.9609375,305.029296875,174.119995117188
2021-01-13,37316.359375,307.089294433594,173.369995117188
2021-01-14,39187.328125,305.447113037109,173.279998779297
2021-01-15,36825.3671875,303.027648925781,171.130004882812
2021-01-19,36069.8046875,307.448791503906,172.580001831055
2021-01-20,35547.75,314.600311279297,175.389999389648
2021-01-21,30825.69921875,317.117004394531,175.279998779297
2021-01-22,33005.76171875,316.203643798828,173.899993896484
2021-01-25,32366.392578125,318.817352294922,174.050003051758
2021-01-26,32569.849609375,319.283782958984,173.619995117188
2021-01-27,30432.546875,310.383270263672,172.520004272461
2021-01-28,33466.09765625,312.219757080078,172.679992675781
2021-01-29,34316.38671875,305.651184082031,172.610000610352
2021-02-01,33537.17578125,313.288543701172,174.229995727539
2021-02-02,35510.2890625,318.399566650391,172.110000610352
2021-02-03,37472.08984375,317.136413574219,171.850006103516
2021-02-04,36926.06640625,320.887023925781,168.149993896484
2021-02-05,38144.30859375,321.975341796875,169.809997558594
2021-02-08,46196.46484375,324.132415771484,171.520004272461
2021-02-09,46481.10546875,324.064483642578,172.080001831055
2021-02-10,44918.18359375,323.325988769531,172.710006713867
2021-02-11,47909.33203125,325.104156494141,171.210006713867
2021-02-12,47504.8515625,326.921234130859,170.690002441406
2021-02-16,49199.87109375,326.036987304688,168.240005493164
2021-02-17,52149.0078125,324.472534179688,166.330001831055
2021-02-18,51679.796875,323.053955078125,166.320007324219
2021-02-19,55888.1328125,321.645050048828,167.009994506836
2021-02-22,54207.3203125,313.307922363281,169.509994506836
2021-02-23,48824.42578125,312.375122070312,169.119995117188
2021-02-24,49705.33203125,314.950103759766,169
2021-02-25,47093.8515625,303.970153808594,165.820007324219
2021-02-26,46339.76171875,305.243133544922,161.809997558594
2021-03-01,49631.2421875,314.425415039062,161.529998779297
2021-03-02,48378.98828125,309.382446289062,162.410003662109
2021-03-03,50538.2421875,300.404113769531,160.619995117188
2021-03-04,48561.16796875,295.487426757812,159.039993286133
2021-03-05,48927.3046875,299.937683105469,159.139999389648
2021-03-08,52246.5234375,291.445220947266,157.490005493164
2021-03-09,54824.1171875,302.940185546875,160.839996337891
2021-03-10,56008.55078125,302.075347900391,161.660003662109
2021-03-11,57805.12109375,309.032531738281,161.520004272461
2021-03-12,57332.08984375,306.525726318359,161.490005493164
2021-03-15,55907.19921875,309.800262451172,162.199996948242
2021-03-16,56804.90234375,311.500671386719,162.350006103516
2021-03-17,58870.89453125,312.783294677734,163.509994506836
2021-03-18,57858.921875,303.202606201172,162.559997558594
2021-03-19,58346.65234375,304.271423339844,163.240005493164
2021-03-22,54529.14453125,309.977447509766,163
2021-03-23,54738.9453125,308.625122070312,161.809997558594
2021-03-24,52774.265625,303.420013427734,162.369995117188
2021-03-25,51704.16015625,302.894653320312,161.779998779297
2021-03-26,55137.3125,307.438201904297,162.240005493164
2021-03-29,57750.19921875,307.350646972656,160.309997558594
2021-03-30,58917.69140625,305.803680419922,157.570007324219
2021-03-31,58918.83203125,310.483367919922,159.960006713867
2021-04-01,59095.80859375,315.776031494141,161.979995727539
2021-04-05,59057.87890625,322.080352783203,161.919998168945
2021-04-06,58192.359375,321.856597900391,163.220001220703
2021-04-07,56048.9375,322.634979248047,162.759994506836
2021-04-08,58323.953125,326.001129150391,164.509994506836
2021-04-09,58245.00390625,327.976196289062,163.270004272461
2021-04-12,59893.453125,327.548126220703,162.279998779297
2021-04-13,63503.45703125,331.371612548828,163.429992675781
2021-04-14,63109.6953125,327.392425537109,162.720001220703
2021-04-15,63314.01171875,332.354278564453,165.350006103516
2021-04-16,61572.7890625,332.743499755859,166.350006103516
2021-04-19,55724.265625,329.698272705078,165.889999389648
2021-04-20,56473.03125,327.295257568359,166.479995727539
2021-04-21,53906.08984375,330.097198486328,168.130004882812
2021-04-22,51762.2734375,326.117980957031,167.039993286133
2021-04-23,51093.65234375,330.2236328125,166.399993896484
2021-04-26,54021.75390625,332.373779296875,166.839996337891
2021-04-27,55033.1171875,330.933868408203,166.419998168945
2021-04-28,54824.703125,329.815002441406,166.910003662109
2021-04-29,53555.109375,331.001892089844,166.220001220703
2021-04-30,57750.17578125,328.832427978516,165.660003662109
2021-05-03,57200.29296875,327.081085205078,167.809997558594
2021-05-04,53333.5390625,321.195037841797,166.580001831055
2021-05-05,57424.0078125,320.115142822266,167.270004272461
2021-05-06,56396.515625,322.527954101562,170.059997558594
2021-05-07,57356.40234375,325.145080566406,171.589996337891
2021-05-10,55859.796875,316.933746337891,172.110000610352
2021-05-11,56704.57421875,316.495941162109,172.139999389648
2021-05-12,49150.53515625,308.304077148438,170.429992675781
2021-05-13,49716.19140625,310.687622070312,171.130004882812
2021-05-14,49880.53515625,317.546691894531,172.690002441406
2021-05-17,43537.51171875,315.620330810547,174.699996948242
2021-05-18,42909.40234375,313.489624023438,175.039993286133
2021-05-19,37002.44140625,313.849670410156,175.160003662109
2021-05-20,40782.73828125,319.920562744141,175.960006713867
2021-05-21,37304.69140625,318.149871826172,176.039993286133
2021-05-24,38705.98046875,323.500885009766,176.350006103516
2021-05-25,38402.22265625,323.948333740234,177.949996948242
2021-05-26,39294.19921875,325.076995849609,177.639999389648
2021-05-27,38436.96875,323.86083984375,177.710006713867
2021-05-28,35697.60546875,324.882415771484,178.380004882812
2021-06-01,36684.92578125,323.802490234375,177.899993896484
2021-06-02,37575.1796875,324.434783935547,178.770004272461
2021-06-03,39208.765625,321.058807373047,175.270004272461
2021-06-04,36894.40625,326.507202148438,177.160003662109
2021-06-07,33560.70703125,327.47998046875,177.869995117188
2021-06-08,33472.6328125,327.635772705078,177.320007324219
2021-06-09,37345.12109375,327.713500976562,176.979995727539
2021-06-10,36702.59765625,331.128479003906,177.740005493164
2021-06-11,37334.3984375,331.994293212891,175.740005493164
2021-06-14,40218.4765625,335.175720214844,174.710006713867
2021-06-15,40406.26953125,332.986663818359,174.050003051758
2021-06-16,38347.0625,331.770568847656,171.110000610352
2021-06-17,38053.50390625,335.983245849609,165.850006103516
2021-06-18,35787.24609375,333.346649169922,164.929992675781
2021-06-21,31676.693359375,335.418365478516,166.949996948242
2021-06-22,32505.66015625,338.545043945312,166.25
2021-06-23,33723.02734375,338.710632324219,166.139999389648
2021-06-24,34662.4375,340.804809570312,166.039993286133
2021-06-25,31637.779296875,340.385925292969,166.589996337891
2021-06-28,34434.3359375,344.525665283203,166.580001831055
2021-06-29,35867.77734375,345.772399902344,164.830001831055
2021-06-30,35040.8359375,345.226928710938,165.630004882812
2021-07-01,33572.1171875,345.363311767578,166.199996948242
2021-07-02,33897.046875,349.32763671875,167.289993286133
2021-07-06,34235.1953125,350.83740234375,168.119995117188
2021-07-07,33855.328125,351.577697753906,168.759994506836
2021-07-08,32877.37109375,349.454254150391,168.649993896484
2021-07-09,33798.01171875,351.636138916016,169.210006713867
2021-07-12,33155.84765625,353.009490966797,169
2021-07-13,32702.025390625,353.009490966797,169.220001220703
2021-07-14,32822.34765625,353.642639160156,171.039993286133
2021-07-15,31780.73046875,351.158813476562,171.070007324219
2021-07-16,31421.5390625,348.314605712891,169.410003662109
2021-07-19,30817.83203125,345.460723876953,169.610000610352
2021-07-20,29807.34765625,349.473724365234,169.389999389648
2021-07-21,32110.693359375,352.171844482422,168.759994506836
2021-07-22,32313.10546875,354.499694824219,169.089996337891
2021-07-23,33581.55078125,358.639434814453,168.559997558594
2021-07-26,37337.53515625,358.921936035156,168.160003662109
2021-07-27,39406.94140625,354.967315673828,168.440002441406
2021-07-28,39995.90625,356.330932617188,169.289993286133
2021-07-29,40008.421875,356.964080810547,171.169998168945
2021-07-30,42235.546875,355.103637695312,169.820007324219
2021-08-02,39201.9453125,355.132873535156,169.610000610352
2021-08-03,38152.98046875,357.285461425781,169.490005493164
2021-08-04,39747.50390625,357.8017578125,169.529998779297
2021-08-05,40869.5546875,360.071197509766,168.860000610352
2021-08-06,42816.5,358.493316650391,164.639999389648
2021-08-09,46365.40234375,359.155670166016,161.720001220703
2021-08-10,45585.03125,357.314666748047,161.770004272461
2021-08-11,45593.63671875,356.701019287109,164
2021-08-12,44428.2890625,357.986785888672,164.039993286133
2021-08-13,47793.3203125,359.243286132812,166.389999389648
2021-08-16,46004.484375,359.399169921875,167.220001220703
2021-08-17,44695.359375,356.233520507812,166.970001220703
2021-08-18,44801.1875,352.804962158203,167.100006103516
2021-08-19,46717.578125,354.509460449219,166.610000610352
2021-08-20,49339.17578125,358.181579589844,166.699996948242
2021-08-23,49546.1484375,363.538848876953,168.729995727539
2021-08-24,47706.1171875,364.649139404297,168.649993896484
2021-08-25,48960.7890625,365.068023681641,167.479995727539
2021-08-26,46942.21875,362.749847412109,167.669998168945
2021-08-27,49058.66796875,366.275817871094,170.190002441406
2021-08-30,47054.984375,370.38623046875,169.350006103516
2021-08-31,47166.6875,370.084259033203,169.690002441406
2021-09-01,48847.02734375,370.697845458984,169.699996948242
2021-09-02,49327.72265625,370.522613525391,169.25
2021-09-03,50025.375,371.662231445312,171.059997558594
2021-09-07,46811.12890625,372.188201904297,167.710006713867
2021-09-08,46091.390625,370.892700195312,167.289993286133
2021-09-09,46391.421875,369.616760253906,168.029998779297
2021-09-10,44883.91015625,366.811492919922,167.179992675781
2021-09-13,44963.07421875,366.558197021484,167.740005493164
2021-09-14,47092.4921875,365.516143798828,168.820007324219
2021-09-15,48176.34765625,368.233642578125,167.830001831055
2021-09-16,47783.359375,368.486938476562,164.029998779297
2021-09-17,47267.51953125,364.123138427734,163.770004272461
2021-09-20,42843.80078125,356.599212646484,164.940002441406
2021-09-21,40693.67578125,357.037994384766,166.039993286133
2021-09-22,43574.5078125,360.372924804688,165.419998168945
2021-09-23,44895.09765625,363.698089599609,163.509994506836
2021-09-24,42839.75,364.039337158203,163.300003051758
2021-09-27,42235.73046875,361.133483886719,163.639999389648
2021-09-28,41034.54296875,350.914245605469,162.050003051758
2021-09-29,41564.36328125,350.338958740234,161.320007324219
2021-09-30,43790.89453125,349.051849365234,164.220001220703
2021-10-01,48116.94140625,351.216552734375,164.589996337891
2021-10-04,49112.90234375,343.8447265625,165.360000610352
2021-10-05,51514.8125,348.486297607422,164.589996337891
2021-10-06,55361.44921875,350.719299316406,165.029998779297
2021-10-07,53805.984375,353.937164306641,164.160003662109
2021-10-08,53967.84765625,352.172241210938,164.229995727539
2021-10-11,57484.7890625,349.471099853516,163.919998168945
2021-10-12,56041.05859375,348.252319335938,164.660003662109
2021-10-13,57401.09765625,351.041046142578,167.589996337891
2021-10-14,57321.5234375,357.505981445312,168
2021-10-15,61593.94921875,359.758605957031,165.330001831055
2021-10-18,62026.078125,363.376312255859,164.919998168945
2021-10-19,64261.9921875,366.126098632812,165.449996948242
2021-10-20,65992.8359375,365.648345947266,166.899993896484
2021-10-21,62210.171875,367.881286621094,166.75
2021-10-22,60692.265625,364.790161132812,167.770004272461
2021-10-25,63039.82421875,368.52490234375,168.929992675781
2021-10-26,60363.79296875,369.685211181641,167.679992675781
2021-10-27,58482.38671875,370.543334960938,168.119995117188
2021-10-28,60622.13671875,374.658355712891,168.080001831055
2021-10-29,62227.96484375,376.501312255859,166.649993896484
2021-11-01,61004.40625,377.788391113281,167.520004272461
2021-11-02,63226.40234375,379.368194580078,167.160003662109
2021-11-03,62970.046875,383.395385742188,165.770004272461
2021-11-04,61452.23046875,388.309936523438,167.649993896484
2021-11-05,61125.67578125,388.680480957031,169.839996337891
2021-11-08,67566.828125,388.153930664062,170.449996948242
2021-11-09,66971.828125,385.482177734375,171.289993286133
2021-11-10,64995.23046875,379.816711425781,173.149993896484
2021-11-11,64949.9609375,380.869781494141,174.119995117188
2021-11-12,64155.94140625,384.877563476562,174.449996948242
2021-11-15,63557.87109375,384.789794921875,174.179992675781
2021-11-16,60161.24609375,387.529846191406,172.919998168945
2021-11-17,60368.01171875,387.734619140625,174.5
2021-11-18,56942.13671875,391.752075195312,173.940002441406
2021-11-19,58119.578125,393.936340332031,172.610000610352
2021-11-22,56289.2890625,389.363067626953,168.740005493164
2021-11-23,57569.07421875,387.58837890625,167.279998779297
2021-11-24,56280.42578125,388.836578369141,167.119995117188
2021-11-26,53569.765625,381.464660644531,166.850006103516
2021-11-29,57806.56640625,389.743347167969,166.619995117188
2021-11-30,57005.42578125,384.019439697266,165.5
2021-12-01,57229.828125,377.486175537109,166.160003662109
2021-12-02,56477.81640625,380.206695556641,165.240005493164
2021-12-03,53598.24609375,373.595489501953,166.630004882812
2021-12-06,50582.625,376.589050292969,166.220001220703
2021-12-07,50700.0859375,387.929565429688,166.809997558594
2021-12-08,50504.796875,389.665283203125,166.899993896484
2021-12-09,47672.12109375,383.931671142578,165.880004882812
2021-12-10,47243.3046875,388.105163574219,166.580001831055
2021-12-13,46737.48046875,382.498260498047,167
2021-12-14,46612.6328125,378.539276123047,165.440002441406
2021-12-15,48896.72265625,387.169036865234,166.149993896484
2021-12-16,47665.42578125,377.213165283203,168.160003662109
2021-12-17,46202.14453125,375.331115722656,167.800003051758
2021-12-20,46880.27734375,371.690277099609,167.089996337891
2021-12-21,48936.61328125,380.008941650391,167.020004272461
2021-12-22,48628.51171875,384.636871337891,168.589996337891
2021-12-23,50784.5390625,387.53662109375,168.970001220703
2021-12-27,50640.41796875,393.941558837891,169.369995117188
2021-12-28,47588.85546875,392.115783691406,168.639999389648
2021-12-29,46444.7109375,392.057189941406,168.589996337891
2021-12-30,47178.125,390.885559082031,169.800003051758
2021-12-31,46306.4453125,388.444610595703,170.960006713867
2022-01-03,46458.1171875,392.18408203125,168.330001831055
2022-01-04,45897.57421875,387.097198486328,169.570007324219
2022-01-05,43569.00390625,375.205230712891,169.059997558594
2022-01-06,43160.9296875,374.941558837891,166.990005493164
2022-01-07,41557.90234375,370.879852294922,167.75
2022-01-10,41821.26171875,371.124053955078,168.259994506836
2022-01-11,42735.85546875,376.699066162109,170.289993286133
2022-01-12,43949.1015625,378.192810058594,170.740005493164
2022-01-13,42591.5703125,368.731994628906,170.160003662109
2022-01-14,43099.69921875,371.026428222656,169.669998168945
2022-01-18,42375.6328125,361.789947509766,169.389999389648
2022-01-19,41744.328125,357.816284179688,172.080001831055
2022-01-20,40680.41796875,353.168762207031,171.649993896484
2022-01-21,36457.31640625,343.375915527344,171.089996337891
2022-01-24,36654.328125,344.94775390625,172.029998779297
2022-01-25,36954.00390625,336.951446533203,172.580001831055
2022-01-26,36852.12109375,336.424194335938,169.789993286133
2022-01-27,37138.234375,333.036315917969,167.600006103516
2022-01-28,37784.33203125,343.483245849609,167.100006103516
2022-01-31,38483.125,354.467315673828,168.089996337891
2022-02-01,38743.2734375,356.878967285156,168.229995727539
2022-02-02,36952.984375,359.778778076172,168.839996337891
2022-02-03,37154.6015625,345.19189453125,168.600006103516
2022-02-04,41500.875,349.546508789062,168.860000610352
2022-02-07,43840.28515625,346.734588623047,170.110000610352
2022-02-08,44118.4453125,350.630249023438,170.630004882812
2022-02-09,44338.796875,358.060394287109,171.210006713867
2022-02-10,43565.11328125,349.95654296875,170.559997558594
2022-02-11,42407.9375,338.855316162109,173.809997558594
2022-02-14,42586.91796875,339.275177001953,174.740005493164
2022-02-15,44575.203125,347.710845947266,173.080001831055
2022-02-16,43961.859375,347.623016357422,174.860000610352
2022-02-17,40538.01171875,337.283416748047,177.25
2022-02-18,40030.9765625,333.436584472656,177.119995117188
2022-02-22,38286.02734375,330.087707519531,177.490005493164
2022-02-23,37296.5703125,321.632385253906,178.289993286133
2022-02-24,38332.609375,332.440673828125,177.139999389648
2022-02-25,39214.21875,337.595855712891,176.550003051758
2022-02-28,43193.234375,338.601470947266,178.380004882812
2022-03-01,44354.63671875,333.4169921875,181.619995117188
2022-03-02,43924.1171875,339.011505126953,179.729995727539
2022-03-03,42451.7890625,334.168853759766,180.800003051758
2022-03-04,39137.60546875,329.326080322266,183.679992675781
2022-03-07,38062.0390625,317.18017578125,186.410003662109
2022-03-08,38737.26953125,315.705841064453,191.509994506836
2022-03-09,41982.92578125,327.070709228516,185.820007324219
2022-03-10,39437.4609375,323.438537597656,186.399993896484
2022-03-11,38794.97265625,316.731018066406,185.089996337891
2022-03-14,39666.75390625,310.648376464844,182.300003051758
2022-03-15,39338.78515625,320.392425537109,178.889999389648
2022-03-16,41143.9296875,332.274719238281,180.009994506836
2022-03-17,40951.37890625,336.297241210938,180.889999389648
2022-03-18,41801.15625,343.180603027344,179.300003051758
2022-03-21,41077.99609375,342.226501464844,180.669998168945
2022-03-22,42358.80859375,348.952117919922,179.360000610352
2022-03-23,42892.95703125,343.937194824219,181.809997558594
2022-03-24,43960.93359375,351.581848144531,183.130004882812
2022-03-25,44348.73046875,351.288604736328,182.380004882812
2022-03-28,47128.00390625,356.723876953125,179.059997558594
2022-03-29,47465.73046875,362.862976074219,179.139999389648
2022-03-30,47062.6640625,358.854919433594,180.580001831055
2022-03-31,45538.67578125,354.407012939453,180.649993896484
2022-04-01,46281.64453125,353.732452392578,179.5
2022-04-04,46622.67578125,361.015350341797,180.369995117188
2022-04-05,45555.9921875,352.999328613281,179.240005493164
2022-04-06,43206.73828125,345.335174560547,179.660003662109
2022-04-07,43503.84765625,346.156311035156,180.339996337891
2022-04-08,42287.6640625,341.317413330078,181.470001220703
2022-04-11,39521.90234375,333.242706298828,182.369995117188
2022-04-12,40127.18359375,331.834991455078,183.770004272461
2022-04-13,41166.73046875,338.580169677734,184.649993896484
2022-04-14,39935.515625,330.837890625,184.039993286133
2022-04-18,40826.21484375,331.092041015625,184.610000610352
2022-04-19,41502.75,338.492218017578,181.820007324219
2022-04-20,41374.37890625,333.555480957031,182.710006713867
2022-04-21,40527.36328125,326.653900146484,182.059997558594
2022-04-22,39740.3203125,318.100189208984,180.289993286133
2022-04-25,40458.30859375,322.186401367188,177.050003051758
2022-04-26,38117.4609375,310.025512695312,177.320007324219
2022-04-27,39241.12109375,309.654022216797,175.979995727539
2022-04-28,39773.828125,320.651550292969,176.929992675781
2022-04-29,38609.82421875,306.222778320312,176.910003662109
2022-05-02,38529.328125,311.335418701172,173.630004882812
2022-05-03,37750.453125,311.667816162109,174.089996337891
2022-05-04,39698.37109375,322.205993652344,175.800003051758
2022-05-05,36575.140625,305.978363037109,175.130004882812
2022-05-06,36040.921875,302.312469482422,175.419998168945
2022-05-09,30296.953125,290.483947753906,172.880004882812
2022-05-10,31022.90625,294.012878417969,171.419998168945
2022-05-11,28936.35546875,285.292999267578,172.820007324219
2022-05-12,29047.751953125,284.618530273438,170.169998168945
2022-05-13,29283.103515625,295.166473388672,168.789993286133
2022-05-16,29862.91796875,291.744934082031,170.399993896484
2022-05-17,30425.857421875,299.301574707031,169.330001831055
2022-05-18,28720.271484375,284.608764648438,169.419998168945
2022-05-19,30314.333984375,283.083801269531,171.910003662109
2022-05-20,29200.740234375,282.203918457031,172.029998779297
2022-05-23,29098.91015625,286.896240234375,172.830001831055
2022-05-24,29655.5859375,280.796142578125,174.130004882812
2022-05-25,29562.361328125,284.726013183594,173.080001831055
2022-05-26,29267.224609375,292.614990234375,172.759994506836
2022-05-27,28627.57421875,302.165863037109,172.850006103516
2022-05-31,31792.310546875,301.3642578125,171.139999389648
2022-06-01,29799.080078125,299.135406494141,172.229995727539
2022-06-02,30467.48828125,307.327392578125,174.350006103516
2022-06-03,29704.390625,299.330902099609,172.580001831055
2022-06-06,31370.671875,300.328002929688,171.820007324219
2022-06-07,31155.478515625,302.918579101562,172.940002441406
2022-06-08,30214.35546875,300.738616943359,172.779998779297
2022-06-09,30111.998046875,292.683380126953,172.229995727539
2022-06-10,29083.8046875,282.3603515625,174.539993286133
2022-06-13,22487.388671875,269.231628417969,169.929992675781
2022-06-14,22206.79296875,269.720397949219,168.570007324219
2022-06-15,22572.83984375,276.455841064453,170.770004272461
2022-06-16,20381.650390625,265.301879882812,172.690002441406
2022-06-17,20471.482421875,268.527740478516,171.270004272461
2022-06-21,20710.59765625,275.302551269531,170.630004882812
2022-06-22,19987.029296875,274.901062011719,171.309997558594
2022-06-23,21085.876953125,278.995147705078,170.259994506836
2022-06-24,21231.65625,288.554473876953,170.089996337891
2022-06-27,20735.478515625,286.438903808594,169.899993896484
2022-06-28,20280.634765625,277.712036132812,169.619995117188
2022-06-29,20104.0234375,277.966735839844,169.490005493164
2022-06-30,19784.7265625,274.519073486328,168.460006713867
2022-07-01,19269.3671875,276.331024169922,168.320007324219
2022-07-05,20190.115234375,281.061767578125,164.75
2022-07-06,20548.24609375,282.863922119141,162.139999389648
2022-07-07,21637.587890625,288.916900634766,162.229995727539
2022-07-08,21731.1171875,289.279296875,162.300003051758
2022-07-11,19970.556640625,283.098999023438,161.429992675781
2022-07-12,19323.9140625,280.356567382812,160.830001831055
2022-07-13,20212.07421875,279.778686523438,161.600006103516
2022-07-14,20569.919921875,280.777770996094,159.330001831055
2022-07-15,20836.328125,285.870849609375,159.009994506836
2022-07-18,22485.689453125,283.451599121094,159.160003662109
2022-07-19,23389.43359375,292.168670654297,159.539993286133
2022-07-20,23231.732421875,296.801422119141,158.039993286133
2022-07-21,23164.62890625,301.062042236328,160.270004272461
2022-07-22,22714.978515625,295.782775878906,160.669998168945
2022-07-25,21361.701171875,294.09814453125,160.229995727539
2022-07-26,21239.75390625,288.319458007812,160.039993286133
2022-07-27,22930.548828125,300.503723144531,161.669998168945
2022-07-28,23843.88671875,303.442077636719,163.639999389648
2022-07-29,23804.6328125,308.975921630859,164.100006103516
2022-08-01,23314.19921875,308.789886474609,165.029998779297
2022-08-02,22978.1171875,307.869140625,164.050003051758
2022-08-03,22846.5078125,316.253234863281,164.449996948242
2022-08-04,22630.95703125,317.732208251953,167.169998168945
2022-08-05,23289.314453125,315.136688232422,165.289993286133
2022-08-08,23809.486328125,314.118041992188,166.690002441406
2022-08-09,23164.318359375,310.562683105469,167.199996948242
2022-08-10,23947.642578125,319.230712890625,166.779998779297
2022-08-11,23957.529296875,317.418762207031,166.339996337891
2022-08-12,24402.818359375,323.59912109375,167.869995117188
2022-08-15,24136.97265625,326.214141845703,165.710006713867
2022-08-16,23883.291015625,325.450256347656,165.419998168945
2022-08-17,23335.998046875,321.738189697266,164.350006103516
2022-08-18,23212.73828125,322.511901855469,163.919998168945
2022-08-19,20877.552734375,316.223846435547,162.720001220703
2022-08-22,21398.908203125,307.898590087891,161.639999389648
2022-08-23,21528.087890625,307.643920898438,162.770004272461
2022-08-24,21395.01953125,308.535217285156,163.25
2022-08-25,21600.904296875,313.990661621094,163.75
2022-08-26,20260.01953125,301.120819091797,161.759994506836
2022-08-29,20297.994140625,298.153076171875,161.860000610352
2022-08-30,19796.80859375,294.832702636719,160.509994506836
2022-08-31,20049.763671875,293.118804931641,159.270004272461
2022-09-01,20127.140625,293.246032714844,157.869995117188
2022-09-02,19969.771484375,289.102966308594,159.259994506836
2022-09-06,18837.66796875,287.026580810547,158.330001831055
2022-09-07,19290.32421875,292.824859619141,159.940002441406
2022-09-08,19329.833984375,294.343048095703,158.979995727539
2022-09-09,21381.15234375,300.777954101562,159.820007324219
2022-09-12,22370.44921875,304.352905273438,160.630004882812
2022-09-13,20296.70703125,287.663238525391,158.539993286133
2022-09-14,20241.08984375,289.945343017578,157.929992675781
2022-09-15,19701.2109375,285.116729736328,154.979995727539
2022-09-16,19772.583984375,283.373229980469,155.839996337891
2022-09-19,19544.12890625,285.579956054688,155.960006713867
2022-09-20,18890.7890625,283.303619384766,155.070007324219
2022-09-21,18547.400390625,278.230773925781,155.789993286133
2022-09-22,19413.55078125,274.806396484375,155.699996948242
2022-09-23,19297.638671875,270.332092285156,153.009994506836
2022-09-26,19222.671875,269.213439941406,151.229995727539
2022-09-27,19110.546875,269.321380615234,151.539993286133
2022-09-28,19426.720703125,274.678741455078,154.690002441406
2022-09-29,19573.05078125,266.760375976562,154.660003662109
2022-09-30,19431.7890625,262.237121582031,154.669998168945
2022-10-03,19623.580078125,268.389312744141,158.429992675781
2022-10-04,20336.84375,276.82763671875,160.699996948242
2022-10-05,20160.716796875,276.680389404297,159.809997558594
2022-10-06,19955.443359375,274.502197265625,159.630004882812
2022-10-07,19546.849609375,264.042541503906,157.880004882812
2022-10-10,19141.484375,261.403076171875,155.479995727539
2022-10-11,19051.41796875,257.811828613281,155.160003662109
2022-10-12,19157.4453125,257.723571777344,155.990005493164
2022-10-13,19382.904296875,263.767791748047,154.910003662109
2022-10-14,19185.65625,255.839584350586,152.979995727539
2022-10-17,19550.7578125,264.287811279297,153.419998168945
2022-10-18,19334.416015625,266.377807617188,153.75
2022-10-19,19139.53515625,265.406433105469,151.690002441406
2022-10-20,19053.740234375,264.052337646484,151.449996948242
2022-10-21,19172.46875,270.243743896484,154.149993896484
2022-10-24,19345.572265625,273.216827392578,153.649993896484
2022-10-25,20095.857421875,278.868499755859,154
2022-10-26,20770.44140625,272.70654296875,154.979995727539
2022-10-27,20285.8359375,267.741668701172,154.740005493164
2022-10-28,20595.3515625,275.934722900391,153.160003662109
2022-10-31,20495.7734375,272.726196289062,151.910003662109
2022-11-01,20485.2734375,269.939544677734,153.460006713867
2022-11-02,20159.50390625,260.686798095703,152.389999389648
2022-11-03,20209.98828125,255.594284057617,151.809997558594
2022-11-04,21147.23046875,259.70556640625,156.470001220703
2022-11-07,20602.81640625,262.560882568359,155.850006103516
2022-11-08,18541.271484375,264.474212646484,159.449996948242
2022-11-09,15880.7802734375,258.371154785156,158.649993896484
2022-11-10,17586.771484375,277.436004638672,163.479995727539
2022-11-11,17034.29296875,282.548004150391,164.559997558594
2022-11-14,16618.19921875,280.075408935547,164.919998168945
2022-11-15,16884.61328125,283.951202392578,165.5
2022-11-16,16669.439453125,280.075408935547,165.119995117188
2022-11-17,16687.517578125,279.457275390625,163.919998168945
2022-11-18,16697.77734375,279.467010498047,162.789993286133
2022-11-21,15787.2841796875,276.592132568359,161.880004882812
2022-11-22,16189.76953125,280.575836181641,162.070007324219
2022-11-23,16610.70703125,283.391906738281,163.080001831055
2022-11-25,16521.841796875,281.527557373047,163.220001220703
2022-11-28,16217.322265625,277.396728515625,161.929992675781
2022-11-29,16444.982421875,275.296936035156,162.729995727539
2022-11-30,17168.56640625,287.846557617188,164.809997558594
2022-12-01,16967.1328125,288.199737548828,167.839996337891
2022-12-02,17088.66015625,287.051788330078,167.259994506836
2022-12-05,16974.826171875,282.234039306641,164.389999389648
2022-12-06,17089.50390625,276.386047363281,164.839996337891
2022-12-07,16848.126953125,275.257720947266,166.330001831055
2022-12-08,17233.474609375,278.515319824219,166.470001220703
2022-12-09,17133.15234375,276.739288330078,167.059997558594
2022-12-12,17206.4375,280.212860107422,165.679992675781
2022-12-13,17781.318359375,283.22509765625,168.509994506836
2022-12-14,17815.650390625,281.125366210938,168.100006103516
2022-12-15,17364.865234375,271.686096191406,165.350006103516
2022-12-16,16647.484375,269.095672607422,166.789993286133
2022-12-19,16439.6796875,265.31396484375,166.320007324219
2022-12-20,16906.3046875,265.107421875,169.080001831055
2022-12-21,16817.53515625,268.953094482422,168.800003051758
2022-12-22,16830.341796875,262.373138427734,166.759994506836
2022-12-23,16796.953125,262.963195800781,167.259994506836
2022-12-27,16717.173828125,259.245391845703,168.669998168945
2022-12-28,16552.572265625,255.822647094727,167.910003662109
2022-12-29,16642.341796875,262.058380126953,168.850006103516
2022-12-30,16602.5859375,261.901000976562,169.639999389648
2023-01-03,16679.857421875,260.130645751953,171.059997558594
2023-01-04,16863.23828125,261.369934082031,172.669998168945
2023-01-05,16836.736328125,257.278289794922,170.520004272461
2023-01-06,16951.96875,264.379608154297,173.710006713867
2023-01-09,17196.5546875,266.090972900391,174.100006103516
2023-01-10,17446.29296875,268.34326171875,174.740005493164
2023-01-11,17934.896484375,272.985687255859,174.619995117188
2023-01-12,18869.587890625,274.460968017578,176.639999389648
2023-01-13,19909.57421875,276.349456787109,178.759994506836
2023-01-17,21161.51953125,276.910095214844,177.589996337891
2023-01-18,20688.78125,273.310302734375,177.080001831055
2023-01-19,21086.79296875,270.625122070312,179.889999389648
2023-01-20,22676.552734375,278.031280517578,179.289993286133
2023-01-23,22934.431640625,284.207977294922,179.630004882812
2023-01-24,22636.46875,283.627807617188,180.279998779297
2023-01-25,23117.859375,282.998260498047,181.110000610352
2023-01-26,23032.77734375,288.515960693359,179.470001220703
2023-01-27,23078.728515625,291.387969970703,179.220001220703
2023-01-30,22840.138671875,285.496520996094,178.759994506836
2023-01-31,23139.283203125,289.774932861328,179.410003662109
2023-02-01,23723.76953125,295.971435546875,181.669998168945
2023-02-02,23471.87109375,306.59375,177.899993896484
2023-02-03,23449.322265625,301.144866943359,173.460006713867
2023-02-06,22760.109375,298.597412109375,173.820007324219
2023-02-07,23264.291015625,304.784027099609,173.979995727539
2023-02-08,22939.3984375,299.364624023438,174.410003662109
2023-02-09,21819.0390625,296.718872070312,173.029998779297
2023-02-10,21651.18359375,294.771453857422,173.360000610352
2023-02-13,21808.1015625,299.492523193359,172.479995727539
2023-02-14,22220.8046875,301.705474853516,172.610000610352
2023-02-15,24307.841796875,304.016845703125,170.889999389648
2023-02-16,23623.474609375,298.312194824219,170.75
2023-02-17,24565.6015625,296.207397460938,171.259994506836
2023-02-21,24436.353515625,289.194702148438,170.619995117188
2023-02-22,24188.84375,289.411071777344,169.660003662109
2023-02-23,23947.4921875,291.938812255859,169.570007324219
2023-02-24,23198.126953125,287.050567626953,168.350006103516
2023-02-27,23522.87109375,289.106170654297,169.009994506836
2023-02-28,23147.353515625,288.732360839844,169.779998779297
2023-03-01,23646.55078125,286.411224365234,170.759994506836
2023-03-02,23475.466796875,288.781585693359,170.660003662109
2023-03-03,22362.6796875,294.751800537109,172.490005493164
2023-03-06,22429.7578125,295.086151123047,171.619995117188
2023-03-07,22219.76953125,291.466613769531,168.619995117188
2023-03-08,21718.080078125,292.922302246094,168.539993286133
2023-03-09,20363.021484375,287.847198486328,170.199996948242
2023-03-10,20187.244140625,283.804779052734,173.869995117188
2023-03-13,24197.533203125,285.909576416016,177.860000610352
2023-03-14,24746.07421875,292.479766845703,176.830001831055
2023-03-15,24375.9609375,294.014068603516,178.210006713867
2023-03-16,25052.7890625,301.764495849609,178.570007324219
2023-03-17,27423.9296875,300.338348388672,183.770004272461
2023-03-20,27767.236328125,301.404205322266,183.839996337891
2023-03-21,28175.81640625,305.708984375,180.369995117188
2023-03-22,27307.4375,301.551940917969,183.440002441406
2023-03-23,28333.97265625,305.127777099609,185.740005493164
2023-03-24,27493.28515625,306.250793457031,183.649993896484
2023-03-27,27139.888671875,304.152587890625,181.949996948242
2023-03-28,27268.130859375,302.537017822266,183.440002441406
2023-03-29,28348.44140625,308.053558349609,182.529998779297
2023-03-30,28033.5625,310.969329833984,184.179992675781
2023-03-31,28478.484375,316.140960693359,183.220001220703
2023-04-03,27790.220703125,315.372589111328,184.539993286133
2023-04-04,28168.08984375,314.308746337891,187.979995727539
2023-04-05,28177.984375,311.205780029297,187.830001831055
2023-04-06,28044.140625,313.303955078125,186.490005493164
2023-04-10,29652.98046875,313.126617431641,185.110000610352
2023-04-11,30235.05859375,311.117034912109,186.279998779297
2023-04-12,30139.052734375,308.368743896484,187.190002441406
2023-04-13,30399.06640625,314.4072265625,189.720001220703
2023-04-14,30485.69921875,313.816192626953,186.360000610352
2023-04-17,29445.044921875,314.082183837891,185.529998779297
2023-04-18,30397.552734375,314.101867675781,186.25
2023-04-19,28822.6796875,313.9541015625,185.360000610352
2023-04-20,28245.98828125,311.560302734375,186.089996337891
2023-04-21,27276.91015625,311.885406494141,184.25
2023-04-24,27525.33984375,311.235260009766,184.809997558594
2023-04-25,28307.59765625,305.364166259766,185.75
2023-04-26,28422.701171875,307.216186523438,184.740005493164
2023-04-27,29473.787109375,315.569671630859,184.75
2023-04-28,29340.26171875,317.746673583984,184.800003051758
2023-05-01,28091.568359375,317.382171630859,183.970001220703
2023-05-02,28680.537109375,314.614105224609,187.520004272461
2023-05-03,29006.30859375,312.555297851562,189.110000610352
2023-05-04,28847.7109375,311.451965332031,190.440002441406
2023-05-05,29534.384765625,318.071716308594,187.460006713867
2023-05-08,27694.2734375,318.859771728516,187.690002441406
2023-05-09,27658.775390625,316.84033203125,189.020004272461
2023-05-10,27621.755859375,320.288177490234,188.75
2023-05-11,27000.7890625,321.332336425781,187.130004882812
2023-05-12,26804.990234375,320.179779052734,186.809997558594
2023-05-15,27192.693359375,321.913543701172,187.210006713867
2023-05-16,27036.650390625,322.277954101562,184.869995117188
2023-05-17,27398.802734375,326.178894042969,184.229995727539
2023-05-18,26832.208984375,332.237060546875,181.839996337891
2023-05-19,26890.12890625,331.488464355469,183.639999389648
2023-05-22,26851.27734375,332.601654052734,183.210006713867
2023-05-23,27225.7265625,328.385437011719,183.429992675781
2023-05-24,26334.818359375,326.700988769531,181.949996948242
2023-05-25,26476.20703125,334.650543212891,180.199996948242
2023-05-26,26719.291015625,343.201019287109,180.919998168945
2023-05-30,27702.349609375,344.757476806641,182.039993286133
2023-05-31,27219.658203125,342.797149658203,182.320007324219
2023-06-01,26819.97265625,346.757232666016,183.759994506836
2023-06-02,27249.58984375,349.357757568359,181.050003051758
2023-06-05,25760.09765625,349.604064941406,182.139999389648
2023-06-06,27238.783203125,349.544921875,182.339996337891
2023-06-07,26345.998046875,343.614776611328,180.149993896484
2023-06-08,26508.216796875,347.880126953125,182.529998779297
2023-06-09,26480.375,349.209991455078,182.039993286133
2023-06-12,25902.5,355.110626220703,181.880004882812
2023-06-13,25918.728515625,357.839294433594,180.539993286133
2023-06-14,25124.67578125,360.439910888672,180.639999389648
2023-06-15,25576.39453125,364.73486328125,181.910003662109
2023-06-16,26327.462890625,362.439636230469,181.630004882812
2023-06-20,28327.48828125,361.920715332031,179.75
2023-06-21,30027.296875,356.988586425781,179.490005493164
2023-06-22,29912.28125,361.200653076172,177.710006713867
2023-06-23,30695.46875,357.619903564453,178.199996948242
2023-06-26,30271.130859375,352.825866699219,178.509994506836
2023-06-27,30688.1640625,358.892395019531,177.690002441406
2023-06-28,30086.24609375,359.5927734375,177.279998779297
2023-06-29,30445.3515625,358.872741699219,177.089996337891
2023-06-30,30477.251953125,364.406585693359,178.270004272461
2023-07-03,31156.439453125,365.264801025391,178.470001220703
2023-07-05,30514.166015625,365.254852294922,177.839996337891
2023-07-06,29909.337890625,362.473114013672,177.309997558594
2023-07-07,30342.265625,361.269714355469,178.639999389648
2023-07-10,30414.470703125,361.388061523438,178.779998779297
2023-07-11,30620.951171875,363.173522949219,179.449996948242
2023-07-12,30391.646484375,367.760375976562,181.880004882812
2023-07-13,31476.048828125,374.004486083984,182.009994506836
2023-07-14,30334.068359375,373.925628662109,181.429992675781
2023-07-17,30145.888671875,377.417541503906,181.559997558594
2023-07-18,29856.5625,380.505096435547,183.639999389648
2023-07-19,29913.923828125,380.416320800781,183.669998168945
2023-07-20,29792.015625,371.64697265625,182.740005493164
2023-07-21,29908.744140625,370.532257080078,182.179992675781
2023-07-24,29176.916015625,371.124145507812,181.399993896484
2023-07-25,29227.390625,373.639526367188,182.410003662109
2023-07-26,29354.97265625,372.396636962891,183.300003051758
2023-07-27,29210.689453125,371.508850097656,180.419998168945
2023-07-28,29319.24609375,378.275756835938,181.860000610352
2023-07-31,29230.111328125,378.473022460938,182.350006103516
2023-08-01,29675.732421875,377.595092773438,180.460006713867
2023-08-02,29151.958984375,369.309112548828,179.600006103516
2023-08-03,29178.6796875,368.717254638672,179.539993286133
2023-08-04,29074.091796875,366.990997314453,180.190002441406
2023-08-07,29180.578125,370.098236083984,179.779998779297
2023-08-08,29765.4921875,366.951538085938,178.639999389648
2023-08-09,29561.494140625,362.917083740234,177.789993286133
2023-08-10,29429.591796875,363.587829589844,177.600006103516
2023-08-11,29397.71484375,361.269714355469,177.600006103516
2023-08-14,29408.443359375,365.323913574219,177.059997558594
2023-08-15,29170.34765625,361.447265625,176.589996337891
2023-08-16,28701.779296875,357.619903564453,175.570007324219
2023-08-17,26664.55078125,353.713653564453,175.300003051758
2023-08-18,26049.556640625,353.269805908203,175.330001831055
2023-08-21,26124.140625,358.961456298828,175.809997558594
2023-08-22,26031.65625,358.448547363281,176.100006103516
2023-08-23,26431.640625,364.100738525391,177.889999389648
2023-08-24,26162.373046875,356.31787109375,177.850006103516
2023-08-25,26047.66796875,359.079864501953,177.619995117188
2023-08-28,26106.150390625,361.782653808594,178.130004882812
2023-08-29,27727.392578125,369.683898925781,179.869995117188
2023-08-30,27297.265625,371.745544433594,180.320007324219
2023-08-31,25931.47265625,372.860229492188,180.020004272461
2023-09-01,25800.724609375,372.465667724609,180.110000610352
2023-09-05,25779.982421875,372.939147949219,178.639999389648
2023-09-06,25753.236328125,369.654357910156,177.830001831055
2023-09-07,26240.1953125,367.0107421875,178.020004272461
2023-09-08,25905.654296875,367.523620605469,178.080001831055
2023-09-11,25162.654296875,371.854064941406,178.410003662109
2023-09-12,25833.34375,367.730834960938,177.490005493164
2023-09-13,26228.32421875,369.131561279297,177.080001831055
2023-09-14,26539.673828125,372.150024414062,177.169998168945
2023-09-15,26608.693359375,365.777709960938,178.339996337891
2023-09-18,26754.28125,366.159027099609,179.389999389648
2023-09-19,27211.1171875,365.378570556641,179.220001220703
2023-09-20,27132.0078125,360.113311767578,179.350006103516
2023-09-21,26567.6328125,353.514404296875,178.050003051758
2023-09-22,26579.568359375,353.563812255859,178.619995117188
2023-09-25,26298.48046875,355.243133544922,177.699996948242
2023-09-26,26217.25,349.908721923828,176.279998779297
2023-09-27,26352.716796875,350.728698730469,174.100006103516
2023-09-28,27021.546875,353.662628173828,173.229995727539
2023-09-29,26911.720703125,353.919464111328,171.449996948242
2023-10-02,27530.78515625,356.873168945312,169.649993896484
2023-10-03,27429.978515625,350.610168457031,169.160003662109
2023-10-04,27799.39453125,355.381500244141,169.139999389648
2023-10-05,27415.912109375,354.334350585938,168.830001831055
2023-10-06,27946.59765625,360.271392822266,169.699996948242
2023-10-09,27583.677734375,362.108856201172,172.820007324219
2023-10-10,27391.01953125,364.114166259766,172.529998779297
2023-10-11,26873.3203125,366.712219238281,173.789993286133
2023-10-12,26756.798828125,365.437835693359,173.259994506836
2023-10-13,26862.375,360.844329833984,178.830001831055
2023-10-16,28519.466796875,364.924163818359,177.960006713867
2023-10-17,28415.748046875,363.728912353516,178.289993286133
2023-10-18,28328.341796875,358.95751953125,180.869995117188
2023-10-19,28719.806640625,355.598876953125,183.089996337891
2023-10-20,29682.94921875,350.294036865234,183.589996337891
2023-10-23,33086.234375,351.351013183594,182.970001220703
2023-10-24,33901.52734375,354.768981933594,182.949996948242
2023-10-25,34502.8203125,346.085723876953,183.720001220703
2023-10-26,34156.6484375,339.486877441406,184.009994506836
2023-10-27,33909.80078125,341.116851806641,186.149993896484
2023-10-30,34502.36328125,344.959625244141,185.100006103516
2023-10-31,34667.78125,346.609313964844,184.089996337891
2023-11-01,35437.25390625,352.625335693359,183.509994506836
2023-11-02,34938.2421875,359.026672363281,184.119995117188
2023-11-03,34732.32421875,363.244812011719,184.789993286133
2023-11-06,35037.37109375,364.726593017578,183.350006103516
2023-11-07,35443.5625,368.174255371094,182.589996337891
2023-11-08,35655.27734375,368.411346435547,180.770004272461
2023-11-09,36693.125,365.576171875,181.490005493164
2023-11-10,37313.96875,373.795166015625,179.509994506836
2023-11-13,36502.35546875,372.629486083984,180.509994506836
2023-11-14,35537.640625,380.650848388672,182.119995117188
2023-11-15,37880.58203125,380.937316894531,181.639999389648
2023-11-16,36154.76953125,381.263305664062,183.690002441406
2023-11-17,36596.68359375,381.352264404297,183.669998168945
2023-11-20,37476.95703125,385.995147705078,183.369995117188
2023-11-21,35813.8125,383.752685546875,185.350006103516
2023-11-22,37432.33984375,385.323394775391,184.559997558594
2023-11-24,37720.28125,384.780120849609,185.520004272461
2023-11-27,37254.16796875,384.444244384766,186.770004272461
2023-11-28,37831.0859375,385.451873779297,189.259994506836
2023-11-29,37858.4921875,385.076446533203,189.539993286133
2023-11-30,37712.74609375,384.108367919922,188.75
2023-12-01,38688.75,385.204864501953,192.009994506836
2023-12-04,41980.09765625,381.628845214844,187.860000610352
2023-12-05,44080.6484375,382.587066650391,187.149993896484
2023-12-06,43746.4453125,380.374237060547,187.839996337891
2023-12-07,43292.6640625,385.688934326172,188.149993896484
2023-12-08,44166.6015625,387.407806396484,185.639999389648
2023-12-11,41243.83203125,390.717102050781,183.589996337891
2023-12-12,41450.22265625,393.828857421875,183.490005493164
2023-12-13,42890.7421875,398.837310791016,187.630004882812
2023-12-14,43023.97265625,398.491577148438,188.729995727539
2023-12-15,41929.7578125,400.417816162109,187
2023-12-18,42623.5390625,402.939971923828,187.850006103516
2023-12-19,42270.52734375,404.998809814453,189.130004882812
2023-12-20,43652.25,398.980651855469,188.100006103516
2023-12-21,43869.15234375,403.622924804688,189.429992675781
2023-12-22,43997.90234375,404.226776123047,190.270004272461
2023-12-26,42520.40234375,406.701293945312,191.720001220703
2023-12-27,43442.85546875,407.529266357422,192.589996337891
2023-12-28,42627.85546875,407.331176757812,191.470001220703
2023-12-29,42099.40234375,405.568359375,191.169998168945
2024-01-02,44957.96875,398.705261230469,190.720001220703
2024-01-03,42848.17578125,394.486328125,189.130004882812
2024-01-04,44179.921875,392.456115722656,189.320007324219
2024-01-05,44162.69140625,392.921600341797,189.350006103516
2024-01-08,46970.50390625,401.042419433594,187.869995117188
2024-01-09,46139.73046875,401.834716796875,187.929992675781
2024-01-10,46627.77734375,404.558227539062,187.5
2024-01-11,46368.5859375,405.400054931641,187.869995117188
2024-01-12,42853.16796875,405.607971191406,189.710006713867
2024-01-16,43154.9453125,405.568359375,187.910003662109
2024-01-17,42742.65234375,403.280639648438,185.839996337891
2024-01-18,41262.05859375,409.0048828125,187.369995117188
2024-01-19,41618.40625,417.115875244141,187.929992675781
2024-01-22,39507.3671875,417.660583496094,187.220001220703
2024-01-23,39845.55078125,419.393646240234,187.949996948242
2024-01-24,40077.07421875,421.721008300781,186.399993896484
2024-01-25,39933.80859375,422.235961914062,187.139999389648
2024-01-26,41816.87109375,419.720458984375,187.009994506836
2024-01-29,43288.24609375,424.018615722656,188.330001831055
2024-01-30,42952.609375,421.196136474609,188.589996337891
2024-01-31,42582.60546875,412.946502685547,188.449996948242
2024-02-01,43075.7734375,417.809112548828,190.410003662109
2024-02-02,43185.859375,424.870300292969,188.610000610352
2024-02-05,42658.66796875,424.315734863281,187.570007324219
2024-02-06,43084.671875,423.464019775391,188.550003051758
2024-02-07,44318.22265625,427.821502685547,188.5
2024-02-08,45301.56640625,428.613830566406,188.330001831055
2024-02-09,47147.19921875,432.832702636719,187.600006103516
2024-02-12,49958.22265625,431.139190673828,187.110000610352
2024-02-13,49742.44140625,424.414733886719,184.529998779297
2024-02-14,51826.6953125,429.039642333984,184.419998168945
2024-02-15,51938.5546875,430.317199707031,185.660003662109
2024-02-16,52160.203125,426.415283203125,186.339996337891
2024-02-20,52284.875,423.196655273438,187.470001220703
2024-02-21,51839.1796875,421.503112792969,187.479995727539
2024-02-22,51304.97265625,433.842834472656,187.559997558594
2024-02-23,50731.94921875,432.565307617188,188.619995117188
2024-02-26,54522.40234375,432.337554931641,188.199996948242
2024-02-27,57085.37109375,433.37744140625,188
2024-02-28,62504.7890625,431.069885253906,188.339996337891
2024-02-29,61198.3828125,434.763916015625,189.309997558594
2024-03-01,62440.6328125,441.310119628906,192.889999389648
2024-03-04,68330.4140625,439.735443115234,196.009994506836
2024-03-05,63801.19921875,431.842346191406,197.190002441406
2024-03-06,66106.8046875,434.555938720703,198.809997558594
2024-03-07,66925.484375,441.151672363281,199.940002441406
2024-03-08,68300.09375,434.783721923828,201.630004882812
2024-03-11,72123.90625,433.16943359375,202
2024-03-12,71481.2890625,439.378936767578,199.789993286133
2024-03-13,73083.5,436.001831054688,201.190002441406
2024-03-14,71396.59375,434.902557373047,200.350006103516
2024-03-15,69403.7734375,429.73291015625,199.710006713867
2024-03-18,67548.59375,433.831481933594,200.029998779297
2024-03-19,61912.7734375,434.912414550781,199.800003051758
2024-03-20,67913.671875,440.069000244141,202.179992675781
2024-03-21,65491.390625,442.151489257812,201.970001220703
2024-03-22,63778.76171875,442.6572265625,200.350006103516
2024-03-25,69958.8125,441.050750732422,200.990005493164
2024-03-26,69987.8359375,439.622772216797,201.639999389648
2024-03-27,69455.34375,441.120147705078,203.100006103516
2024-03-28,70744.953125,440.307006835938,205.720001220703
2024-04-01,69702.1484375,441.239196777344,207.820007324219
2024-04-02,65446.97265625,437.43115234375,210.889999389648
2024-04-03,65980.8125,438.412963867188,212.740005493164
2024-04-04,68508.84375,431.709289550781,211.520004272461
2024-04-05,67837.640625,436.796569824219,215.139999389648
2024-04-08,71631.359375,436.925476074219,216.479995727539
2024-04-09,69139.015625,438.541870117188,217.669998168945
2024-04-10,70587.8828125,434.714019775391,215.610000610352
2024-04-11,70060.609375,441.655639648438,219.800003051758
2024-04-12,67195.8671875,434.614868164062,216.889999389648
2024-04-15,63426.2109375,427.464965820312,220.949996948242
2024-04-16,63811.86328125,427.504669189453,221.220001220703
2024-04-17,61276.69140625,422.288543701172,219.589996337891
2024-04-18,63512.75390625,419.878814697266,220.339996337891
2024-04-19,63843.5703125,411.191864013672,221.029998779297
2024-04-22,66837.6796875,415.327087402344,215.570007324219
2024-04-23,66407.2734375,421.524932861328,215.039993286133
2024-04-24,64276.8984375,422.952972412109,214.639999389648
2024-04-25,64481.70703125,420.91015625,215.919998168945
2024-04-26,63755.3203125,427.405487060547,216.619995117188
2024-04-29,63841.12109375,429.140930175781,216.179992675781
2024-04-30,60636.85546875,421.048950195312,211.869995117188
2024-05-01,58254.01171875,418.004547119141,213.789993286133
2024-05-02,59123.43359375,423.339721679688,213.130004882812
2024-05-03,62889.8359375,431.848205566406,212.960006713867
2024-05-06,63161.94921875,436.578399658203,215.199996948242
2024-05-07,62334.81640625,436.647766113281,214.210006713867
2024-05-08,61187.94140625,436.389923095703,213.580001831055
2024-05-09,63049.9609375,437.341888427734,216.949996948242
2024-05-10,60792.77734375,438.373260498047,218.710006713867
2024-05-13,62901.44921875,439.384735107422,216.259994506836
2024-05-14,61552.7890625,442.210998535156,218.089996337891
2024-05-15,66267.4921875,449.122863769531,220.889999389648
2024-05-16,65231.58203125,448.210571289062,220.029998779297
2024-05-17,67051.875,447.992401123047,223.660003662109
2024-05-20,71448.1953125,451.116149902344,224.559997558594
2024-05-21,70136.53125,451.998657226562,224.229995727539
2024-05-22,69122.3359375,451.909423828125,220.110000610352
2024-05-23,67929.5625,449.876525878906,215.720001220703
2024-05-24,68526.1015625,454.130767822266,215.919998168945
2024-05-28,68296.21875,455.846343994141,218.190002441406
2024-05-29,67578.09375,452.633331298828,216.160003662109
2024-05-30,68364.9921875,447.784149169922,216.570007324219
2024-05-31,67491.4140625,446.951141357422,215.300003051758
2024-06-03,68804.78125,449.350952148438,217.220001220703
2024-06-04,70567.765625,450.580596923828,215.270004272461
2024-06-05,71082.8203125,459.664215087891,217.820007324219
2024-06-06,70757.1640625,459.505523681641,219.429992675781
2024-06-07,69342.5859375,459.098937988281,211.600006103516
2024-06-10,69512.28125,460.953399658203,213.539993286133
2024-06-11,67332.03125,464.116760253906,214.149993896484
2024-06-12,68241.1875,470.195617675781,214.720001220703
2024-06-13,66756.3984375,472.744201660156,212.970001220703
2024-06-14,66011.09375,475.193603515625,215.729995727539
2024-06-17,66490.296875,481.014678955078,214.610000610352
2024-06-18,65140.74609375,481.163391113281,215.470001220703
2024-06-20,64828.65625,477.454620361328,218.160003662109
2024-06-21,64096.19921875,476.175354003906,214.779998779297
2024-06-24,60277.4140625,470.754241943359,215.630004882812
2024-06-25,61804.640625,476.137573242188,214.559997558594
2024-06-26,60811.27734375,477.120880126953,212.580001831055
2024-06-27,61604.80078125,478.352508544922,214.990005493164
2024-06-28,60320.13671875,475.869445800781,215.009994506836
2024-07-01,62851.98046875,478.660430908203,215.570007324219
2024-07-02,62029.015625,483.686218261719,215.559997558594
2024-07-03,60173.921875,487.718719482422,217.990005493164
2024-07-05,56662.375,492.804138183594,220.929992675781
2024-07-08,56705.09765625,493.976135253906,218.190002441406
2024-07-09,58009.2265625,494.403198242188,218.559997558594
2024-07-10,57742.49609375,499.55810546875,219.360000610352
2024-07-11,57344.9140625,488.602752685547,223.25
2024-07-12,57899.46484375,491.473175048828,223.110000610352
2024-07-15,64870.15234375,492.794128417969,223.830001831055
2024-07-16,65097.1484375,492.982879638672,228.289993286133
2024-07-17,64118.79296875,478.511444091797,227.229995727539
2024-07-18,63974.06640625,476.246856689453,225.779998779297
2024-07-19,66710.15625,472.025634765625,221.729995727539
2024-07-22,67585.25,479.057708740234,221.800003051758
2024-07-23,65927.671875,477.369232177734,222.580001831055
2024-07-24,65372.1328125,460.245819091797,221.800003051758
2024-07-25,65777.2265625,455.170379638672,218.330001831055
2024-07-26,67912.0625,459.838592529297,220.630004882812
2024-07-29,66819.9140625,460.762298583984,220.320007324219
2024-07-30,66201.015625,454.435394287109,222.520004272461
2024-07-31,64619.25,467.883819580078,226.550003051758
2024-08-01,65357.5,456.550964355469,225.770004272461
2024-08-02,61415.06640625,445.714782714844,225.339996337891
2024-08-05,53991.45703125,432.42529296875,222.479995727539
2024-08-06,56034.31640625,436.557159423828,220.699996948242
2024-08-07,55027.4609375,431.829345703125,220.550003051758
2024-08-08,61710.13671875,445.039428710938,224.009994506836
2024-08-09,60880.11328125,447.363555908203,224.559997558594
2024-08-12,59354.515625,448.326965332031,228.410003662109
2024-08-13,60609.56640625,459.451202392578,228.059997558594
2024-08-14,58737.26953125,459.600219726562,226.199996948242
2024-08-15,57560.09765625,471.211181640625,226.910003662109
2024-08-16,58894.10546875,471.817047119141,231.990005493164
2024-08-19,59493.453125,478.014831542969,231.610000610352
2024-08-20,59012.79296875,477.011657714844,232.460006713867
2024-08-21,61175.19140625,479.236511230469,232.149993896484
2024-08-22,60381.9140625,471.638275146484,229.369995117188
2024-08-23,64094.35546875,476.75341796875,232.020004272461
2024-08-26,62880.66015625,472.124908447266,232.759994506836
2024-08-27,59504.1328125,473.535339355469,233.389999389648
2024-08-28,59027.625,468.161895751953,231.75
2024-08-29,59388.1796875,467.476623535156,232.949996948242
2024-08-30,59119.4765625,473.048645019531,231.289993286133
2024-09-03,57431.0234375,458.686431884766,230.289993286133
2024-09-04,57971.5390625,457.494567871094,230.429992675781
2024-09-05,56160.48828125,457.921691894531,232.350006103516
2024-09-06,53948.75390625,445.655181884766,230.630004882812
2024-09-09,57019.53515625,451.386138916016,231.600006103516
2024-09-10,57648.7109375,455.557769775391,232.619995117188
2024-09-11,57343.171875,465.450378417969,232.25
2024-09-12,58127.01171875,470.019256591797,236.330001831055
2024-09-13,60571.30078125,472.124908447266,238.679992675781
2024-09-16,58192.5078125,470.039123535156,238.660003662109
2024-09-17,60308.5390625,470.287414550781,237.339996337891
2024-09-18,61649.6796875,468.251312255859,235.509994506836
2024-09-19,62940.45703125,480.090698242188,239.169998168945
2024-09-20,63192.9765625,479.176940917969,242.210006713867
2024-09-23,63329.80078125,480.447082519531,242.679992675781
2024-09-24,64301.96875,482.764526367188,246.070007324219
2024-09-25,63143.14453125,483.212158203125,245.729995727539
2024-09-26,65181.01953125,486.842559814453,246.979995727539
2024-09-27,65790.6640625,484.137176513672,245.020004272461
2024-09-30,63329.5,485.450042724609,243.059997558594
2024-10-01,60837.0078125,478.686553955078,245.610000610352
2024-10-02,60632.78515625,479.362884521484,245.660003662109
2024-10-03,60759.40234375,479.004852294922,245.490005493164
2024-10-04,62067.4765625,484.7041015625,245
2024-10-07,62236.66015625,479.512115478516,244.169998168945
2024-10-08,62131.96875,486.673431396484,242.369995117188
2024-10-09,60582.1015625,490.502777099609,241.050003051758
2024-10-10,60274.5,489.945770263672,242.820007324219
2024-10-11,62445.08984375,490.711608886719,245.470001220703
2024-10-14,66046.125,494.829437255859,245.070007324219
2024-10-15,67041.109375,488.215148925781,245.919998168945
2024-10-16,67612.71875,488.274810791016,247.149993896484
2024-10-17,67399.8359375,488.612976074219,248.630004882812
2024-10-18,68418.7890625,491.815673828125,251.270004272461
2024-10-21,67367.8515625,492.760620117188,251.220001220703
2024-10-22,67361.40625,493.297729492188,253.929992675781
2024-10-23,66432.1953125,485.738464355469,250.869995117188
2024-10-24,68161.0546875,489.67724609375,252.800003051758
2024-10-25,66642.4140625,492.6611328125,253.320007324219
2024-10-28,69907.7578125,492.740692138672,253.330001831055
2024-10-29,72720.4921875,497.475158691406,256.089996337891
2024-10-30,72339.5390625,493.715454101562,257.5
2024-10-31,70215.1875,481.252716064453,253.509994506836
2024-11-01,69482.46875,484.8134765625,252.470001220703
2024-11-04,67811.5078125,483.401153564453,252.830001831055
2024-11-05,69359.5625,489.567810058594,253.399993896484
2024-11-06,75639.078125,502.866058349609,245.699996948242
2024-11-07,75904.859375,510.783294677734,249.649993896484
2024-11-08,76545.4765625,511.380096435547,247.960006713867
2024-11-11,88701.484375,511.081787109375,242.139999389648
2024-11-12,87955.8125,510.156677246094,240.050003051758
2024-11-13,90584.1640625,509.500305175781,237.630004882812
2024-11-14,87250.4296875,505.959381103516,237.009994506836
2024-11-15,91066.0078125,493.904418945312,236.589996337891
2024-11-18,90542.640625,497.335906982422,241.089996337891
2024-11-19,92343.7890625,500.757415771484,243.25
2024-11-20,94339.4921875,500.469024658203,244.619995117188
2024-11-21,98504.7265625,502.269287109375,246.660003662109
2024-11-22,98997.6640625,503.074951171875,249.839996337891
2024-11-25,93102.296875,503.870635986328,242.479995727539
2024-11-26,91985.3203125,506.576019287109,242.949996948242
2024-11-27,95962.53125,502.587524414062,243.490005493164
2024-11-29,97461.5234375,507.003723144531,245.589996337891
2024-12-02,95865.3046875,512.523864746094,243.440002441406
2024-12-03,96002.1640625,514.095458984375,243.929992675781
2024-12-04,98768.53125,520.451171875,244.669998168945
2024-12-05,96593.5703125,519.008911132812,242.860000610352
2024-12-06,99920.7109375,523.653869628906,242.949996948242
2024-12-09,97432.71875,519.575927734375,245.360000610352
2024-12-10,96675.4296875,517.805419921875,248.589996337891
2024-12-11,101173.03125,527.075439453125,250.960006713867
2024-12-12,100043,523.673767089844,247.279998779297
2024-12-13,101459.2578125,527.682189941406,244.289993286133
2024-12-16,106029.71875,535.281127929688,244.880004882812
2024-12-17,106140.6015625,532.923828125,243.940002441406
2024-12-18,100041.5390625,513.697570800781,239.259994506836
2024-12-19,97490.953125,511.409973144531,239.600006103516
2024-12-20,97755.9296875,515.875793457031,242.100006103516
2024-12-23,94686.2421875,520.90185546875,240.960006713867
2024-12-24,98676.09375,527.965209960938,241.440002441406
2024-12-26,95795.515625,527.606567382812,243.070007324219
2024-12-27,94164.859375,520.593017578125,241.399993896484
2024-12-30,92643.2109375,513.669128417969,240.630004882812
